{"cameraMode":{"drawMode":0,"name":"Shaded","section":"Shading Mode"},"sceneLighting":true,"audioPlay":false,"sceneViewState":{"showFog":true,"showMaterialUpdate":true,"showSkybox":true,"showFlares":true,"showImageEffects":true,"showParticleSystems":true},"in2DMode":false,"pivot":{"x":20.952211380004884,"y":0.7858498096466065,"z":0.04137393832206726},"rotation":{"x":-0.0021095196716487409,"y":0.0002972728980239481,"z":-5.563232434724341e-7,"w":-0.9999997615814209},"size":22.66552734375,"orthographic":false}