{"cameraMode":{"drawMode":0,"name":"Shaded","section":"Shading Mode"},"sceneLighting":true,"audioPlay":false,"sceneViewState":{"showFog":true,"showMaterialUpdate":true,"showSkybox":true,"showFlares":true,"showImageEffects":true,"showParticleSystems":true},"in2DMode":false,"pivot":{"x":4.065917015075684,"y":3.3629488945007326,"z":0.039576493203639987},"rotation":{"x":-0.0021095196716487409,"y":0.0002972728980239481,"z":-5.563232434724341e-7,"w":-0.9999997615814209},"size":53.22563171386719,"orthographic":false}