{"cameraMode":{"drawMode":0,"name":"Shaded","section":"Shading Mode"},"sceneLighting":true,"audioPlay":false,"sceneViewState":{"showFog":true,"showMaterialUpdate":true,"showSkybox":true,"showFlares":true,"showImageEffects":true,"showParticleSystems":true},"in2DMode":false,"pivot":{"x":9.85730266571045,"y":392.34417724609377,"z":-12.727219581604004},"rotation":{"x":0.02638714388012886,"y":0.004795602522790432,"z":0.00012665969552472234,"w":-0.9996419548988342},"size":836.239501953125,"orthographic":false}