{"cameraMode":{"drawMode":0,"name":"Shaded","section":"Shading Mode"},"sceneLighting":true,"audioPlay":false,"sceneViewState":{"showFog":true,"showMaterialUpdate":true,"showSkybox":true,"showFlares":true,"showImageEffects":true,"showParticleSystems":true},"in2DMode":false,"pivot":{"x":122.33995056152344,"y":13.397809982299805,"z":-9.8699369430542},"rotation":{"x":-0.0021095196716487409,"y":0.0002972728980239481,"z":-5.563232434724341e-7,"w":-0.9999997615814209},"size":145.03799438476563,"orthographic":false}