{"cameraMode":{"drawMode":0,"name":"Shaded","section":"Shading Mode"},"sceneLighting":true,"audioPlay":false,"sceneViewState":{"showFog":true,"showMaterialUpdate":true,"showSkybox":true,"showFlares":true,"showImageEffects":true,"showParticleSystems":true},"in2DMode":false,"pivot":{"x":272.04754638671877,"y":167.0963897705078,"z":0.8890388011932373},"rotation":{"x":-0.0021095196716487409,"y":0.0002972728980239481,"z":-5.563232434724341e-7,"w":-0.9999997615814209},"size":473.1151123046875,"orthographic":false}