{"cameraMode":{"drawMode":0,"name":"Shaded","section":"Shading Mode"},"sceneLighting":true,"audioPlay":false,"sceneViewState":{"showFog":true,"showMaterialUpdate":true,"showSkybox":true,"showFlares":true,"showImageEffects":true,"showParticleSystems":true},"in2DMode":false,"pivot":{"x":-13.557382583618164,"y":-1.4274948835372925,"z":-2.5426576137542726},"rotation":{"x":-0.021304890513420106,"y":0.01709238812327385,"z":-0.00036425006692297757,"w":-0.9996269941329956},"size":41.844886779785159,"orthographic":false}