{"cameraMode":{"drawMode":0,"name":"Shaded","section":"Shading Mode"},"sceneLighting":true,"audioPlay":false,"sceneViewState":{"showFog":true,"showMaterialUpdate":true,"showSkybox":true,"showFlares":true,"showImageEffects":true,"showParticleSystems":true},"in2DMode":false,"pivot":{"x":526.97998046875,"y":171.66656494140626,"z":-31.752429962158204},"rotation":{"x":-0.0021095196716487409,"y":0.0002972728980239481,"z":-5.563232434724341e-7,"w":-0.9999997615814209},"size":1221.6834716796875,"orthographic":false}